"","gene_name","rank","count"
"1","A1BG",346.5,1
"2","AACS",18,1
"3","AAGAB",43.5,1
"4","AASDHPPT",31.5,3
"5","AATF",53.1,6
"6","ABAT",23,1
"7","ABCA13",21,2
"8","ABCA8",17,1
"9","ABCB5",21.2,2
"10","ABCB7",52,1
"11","ABCD2",30.5,1
"12","ABHD12",90.5,1
"13","ABHD17B",33,1
"14","ABHD2",38,1
"15","ABRA",15,1
"16","AC011294.3",10,1
"17","AC102948.2",15,1
"18","ACLY",118,4
"19","ACO1",39.2,2
"20","ACSS3",15,1
"21","ACTA1",41,1
"22","ACTBL2",10,1
"23","ACTR6",48,1
"24","ADA",169.2,2
"25","ADAM12",17,2
"26","ADAM18",10,1
"27","ADAM2",29.1,6
"28","ADAM30",15,1
"29","ADAM32",20,2
"30","ADAM9",46.1,7
"31","ADAMTS1",24,1
"32","ADAMTS9",16,1
"33","ADAMTSL1",10,2
"34","ADAR",82,1
"35","ADARB2",10,1
"36","ADCY8",20.8,6
"37","ADIPOR2",49,3
"38","ADNP",48,1
"39","AEBP2",23.9,7
"40","AFF2",10,2
"41","AFG3L2",79.5,1
"42","AGBL1",10,1
"43","AGL",27,1
"44","AGR2",76.5,1
"45","AHR",48.5,1
"46","AHRR",56.5,1
"47","AHSA1",146,1
"48","AK4",64.5,1
"49","AKAP9",33.8,2
"50","AKR1C3",30,1
"51","ALDH18A1",119,1
"52","ALDOB",26.5,1
"53","ALG10",16.5,2
"54","ALG10B",13,4
"55","ALG13",16,1
"56","ALKBH3",51,1
"57","ALOX5",62.5,1
"58","ALX1",25,1
"59","ALX4",22,1
"60","AMBRA1",72.5,1
"61","AMD1",33.5,1
"62","AMIGO2",16,1
"63","AMY2A",42,1
"64","ANGPT1",10,3
"65","ANGPT2",48,1
"66","ANGPTL5",15,1
"67","ANK3",10,2
"68","ANKFN1",28.5,2
"69","ANKRD17",33.8,4
"70","ANKRD30A",10,1
"71","ANKRD46",15,1
"72","ANKRD49",76,1
"73","ANO1",33.9,12
"74","ANO2",15,1
"75","ANXA8L1",61,1
"76","AP1S2",89.5,1
"77","AP2B1",50,1
"78","AP2M1",105,2
"79","AP3S1",78.2,2
"80","APEX2",112.5,1
"81","API5",18,1
"82","APIP",23.5,1
"83","APLP1",270.5,1
"84","APOH",21.5,1
"85","APPL2",15,1
"86","ARAP1",36.3,3
"87","ARCN1",140.5,1
"88","ARF6",89,2
"89","ARFRP1",246,2
"90","ARHGAP18",17,1
"91","ARHGAP27",28.5,2
"92","ARHGAP42",10,1
"93","ARHGEF3",34,1
"94","ARHGEF9",17,1
"95","ARID5A",108.5,1
"96","ARIH1",67.5,3
"97","ARL15",13.8,3
"98","ARMC10",39,1
"99","ARNT2",17.5,1
"100","ARPC5",89,1
"101","ARPP19",62.2,3
"102","ARPP21",10,2
"103","ARRDC4",18,3
"104","ASAH1",71,2
"105","ASAP1",23.3,3
"106","ASCC3",10,1
"107","ASF1A",44,1
"108","ASH1L",244.5,1
"109","ASH2L",105.5,2
"110","ASIC2",10,3
"111","ASMT",15,1
"112","ASMTL",23,1
"113","ASPH",34,1
"114","ASZ1",29.3,3
"115","ATAD2",76,6
"116","ATAD5",96.8,2
"117","ATF2",17.5,1
"118","ATF7IP2",10,1
"119","ATG12",81,2
"120","ATG3",103.5,1
"121","ATG5",23.4,6
"122","ATG7",28,1
"123","ATP11C",17,1
"124","ATP1B1",29,1
"125","ATP1B3",31.2,2
"126","ATP2A2",160,1
"127","ATP2B1",28.7,3
"128","ATP6V1D",36,1
"129","ATP6V1H",16,1
"130","ATXN1",18.3,3
"131","ATXN7L3B",11.2,5
"132","AURKC",328.5,2
"133","AUTS2",10,2
"134","AVPR1A",19.7,5
"135","B3GAT2",15.5,2
"136","B3GNT5",33.5,2
"137","B4GALNT2",46,2
"138","B4GALT5",52.5,1
"139","BAG6",225.5,1
"140","BARHL2",16,1
"141","BASP1",15,4
"142","BBS10",29.2,2
"143","BBS9",40.5,1
"144","BCAR1",124.5,1
"145","BCAS3",35.1,5
"146","BCAT1",25.6,4
"147","BCCIP",51,1
"148","BCDIN3D",99,1
"149","BCHE",13,2
"150","BCL2L2",104.2,2
"151","BCLAF1",52.2,3
"152","BDNF",34,1
"153","BET1",28,1
"154","BHLHE22",16,4
"155","BHLHE41",50.9,10
"156","BICD1",28.5,4
"157","BIRC2",69.5,4
"158","BIRC5",107.5,2
"159","BLK",98.2,4
"160","BLNK",112.5,1
"161","BLOC1S6",56.5,1
"162","BMP15",15,1
"163","BMP2K",48,1
"164","BMP6",45,1
"165","BMP7",10,1
"166","BMS1",16.8,2
"167","BNC2",13.8,2
"168","BNIP1",50.5,1
"169","BNIP2",32,1
"170","BOD1L1",20.5,1
"171","BPTF",67.8,6
"172","BRF2",76.1,12
"173","BRIX1",48,2
"174","BRMS1",229,2
"175","BRSK2",90,1
"176","BTBD10",22.5,1
"177","BTBD3",12.7,3
"178","BTC",10,1
"179","BTF3L4",28.5,1
"180","BTG3",31,1
"181","BUD31",364.5,1
"182","BZW2",37,1
"183","C10orf11",10,2
"184","C11orf30",22,1
"185","C12orf42",20,1
"186","C12orf75",15,1
"187","C12orf79",10,1
"188","C14orf177",16.8,2
"189","C16orf72",10,1
"190","C17orf112",16.2,6
"191","C19orf33",122.5,1
"192","C2CD5",13.3,3
"193","C2orf27A",15.5,1
"194","C5orf17",10,1
"195","C7orf66",10,1
"196","C8orf37",10,1
"197","C8orf4",15.3,3
"198","C9orf72",19,2
"199","C9orf85",33,1
"200","CA10",10,10
"201","CA8",20,1
"202","CA9",179.8,3
"203","CABYR",26,1
"204","CACNA2D1",10,2
"205","CADM2",10,10
"206","CADM4",216.5,1
"207","CADPS2",38,1
"208","CALCA",22,1
"209","CALCR",34.4,5
"210","CALN1",13.2,2
"211","CAND1",17.1,16
"212","CAPN2",59,1
"213","CAPNS1",287.5,2
"214","CAPRIN2",15,1
"215","CAPS2",15,1
"216","CARD16",29,1
"217","CARM1",116,1
"218","CARS2",18,1
"219","CASP1",29,1
"220","CASP12",10,1
"221","CAT",30,1
"222","CAV2",21.5,2
"223","CBLN2",10,1
"224","CBLN4",10,1
"225","CBX1",165.1,9
"226","CCDC28A",44.5,1
"227","CCDC59",21.3,7
"228","CCDC60",10,1
"229","CCDC88C",55,1
"230","CCDC91",10,3
"231","CCL7",24,1
"232","CCNI",55.5,1
"233","CCNK",53,1
"234","CCNT2",36.5,1
"235","CCNY",20,1
"236","CCR1",114.5,1
"237","CCS",187.2,2
"238","CCT2",83.5,1
"239","CCT4",48.5,2
"240","CCT5",54,2
"241","CCT6A",70.8,19
"242","CCT6B",40,1
"243","CD163",165,1
"244","CD164",84.3,3
"245","CD1D",65,2
"246","CD2AP",22.5,2
"247","CD36",30,3
"248","CD40",81,1
"249","CD44",53,15
"250","CD5L",80,1
"251","CD83",13,2
"252","CD96",90.5,1
"253","CD99",28.5,3
"254","CDAN1",109.5,1
"255","CDC16",90.5,1
"256","CDC25B",176.5,1
"257","CDC27",78.5,2
"258","CDC40",99.2,2
"259","CDC5L",82.2,3
"260","CDCA7",10,1
"261","CDCA8",121.5,1
"262","CDH12",10,3
"263","CDH18",10,2
"264","CDH6",10,1
"265","CDH8",10,1
"266","CDH9",10,1
"267","CDHR3",17,1
"268","CDK1",25.2,4
"269","CDK14",10,1
"270","CDK2AP1",114.5,1
"271","CDK5RAP3",170,8
"272","CDK9",130.5,1
"273","CDKAL1",10,1
"274","CDKL5",29.5,1
"275","CDYL",48.2,2
"276","CEBPB",46.5,2
"277","CEBPG",29.5,2
"278","CELF2",10,2
"279","CENPB",180.5,1
"280","CENPC",15.2,2
"281","CENPQ",46.2,2
"282","CENPW",18,1
"283","CEP112",17.2,3
"284","CEP290",35.5,4
"285","CFDP1",116,1
"286","CFL1",136,1
"287","CFTR",29,1
"288","CGGBP1",51,1
"289","CHCHD2",54.5,6
"290","CHCHD3",16.5,1
"291","CHCHD4",81,1
"292","CHD1",17.5,1
"293","CHD7",10,1
"294","CHD9",13.5,2
"295","CHKA",26,1
"296","CHM",21.5,1
"297","CHMP2A",279.2,2
"298","CHMP2B",18.8,3
"299","CHMP4C",71.5,2
"300","CHN2",15,1
"301","CHODL",16.8,2
"302","CHORDC1",63.7,3
"303","CHRNA9",19,2
"304","CHST15",10,1
"305","CHST3",35,1
"306","CHST7",35,1
"307","CHST9",10,1
"308","CHTOP",282,1
"309","CINP",74.2,2
"310","CIT",38,1
"311","CITED2",28.2,6
"312","CKS1B",241.5,2
"313","CLASP1",16.5,1
"314","CLDN1",30,1
"315","CLDN12",21.5,1
"316","CLDN17",227.5,1
"317","CLEC12A",72.5,1
"318","CLEC14A",19.8,4
"319","CLEC2A",70,1
"320","CLEC2B",68,1
"321","CLLU1",22,2
"322","CLN8",19,2
"323","CLNS1A",29.3,3
"324","CLPB",54.5,1
"325","CLTA",55,1
"326","CMAS",30.5,3
"327","CMTM8",62.5,1
"328","CNBD1",10,1
"329","CNKSR2",10,1
"330","CNKSR3",15,1
"331","CNOT2",30.1,21
"332","CNOT7",88.5,2
"333","CNTLN",22.5,1
"334","CNTN1",15.6,4
"335","CNTN5",10,14
"336","CNTNAP5",10,3
"337","COBL",11.7,3
"338","COG1",33.5,2
"339","COIL",58.5,1
"340","COL1A2",58.2,2
"341","COL22A1",15.5,1
"342","COL3A1",90,1
"343","COL4A1",51,1
"344","COL8A1",10,1
"345","COL9A1",20.5,1
"346","COMMD6",28,1
"347","COPS2",47.5,2
"348","COPS3",63,1
"349","COPS6",263,2
"350","COX11",22,1
"351","COX5B",59.5,2
"352","COX6B1",294.1,4
"353","COX6C",24.5,2
"354","CPM",10,1
"355","CPNE8",15.5,2
"356","CPSF3",61.5,2
"357","CPSF4",364,1
"358","CPSF6",18.5,2
"359","CPT1A",54.2,6
"360","CPVL",15.5,2
"361","CPXCR1",10,1
"362","CREB3",197,6
"363","CREB5",10,1
"364","CREBZF",57.2,3
"365","CRH",21,1
"366","CRYBB3",41.5,1
"367","CSE1L",38.2,4
"368","CSMD1",10,4
"369","CSNK2B",242.5,1
"370","CSRNP3",51,1
"371","CSTF3",48.5,1
"372","CTBP2",48,1
"373","CTD-2144E22.5",10,1
"374","CTNNA3",13.5,5
"375","CTNNAL1",53,1
"376","CTSB",93.7,8
"377","CTSC",15,1
"378","CTTN",45.8,37
"379","CTTNBP2",27.2,2
"380","CUL4B",168.2,2
"381","CUX2",16.5,1
"382","CWF19L2",18.2,2
"383","CXADR",31,1
"384","CXCL1",76.8,3
"385","CXCL6",80,1
"386","CYCS",29.2,2
"387","CYFIP1",30,1
"388","CYP2J2",28.5,2
"389","CYP2R1",40,1
"390","CYSLTR1",23,1
"391","DAAM2",28.3,3
"392","DAB1",15.2,4
"393","DACH1",10,5
"394","DACH2",15.5,1
"395","DAD1",293.5,1
"396","DAP3",237,1
"397","DBF4",59.2,2
"398","DBI",69.5,1
"399","DBP",156,1
"400","DBX2",16,1
"401","DCAF12",151,1
"402","DCAF13",37,1
"403","DCAF15",86.5,1
"404","DCAF4L2",22.5,1
"405","DCAF6",63.5,1
"406","DCAF8L1",24.5,1
"407","DCDC2",25.2,2
"408","DCDC2C",10,1
"409","DCK",95,1
"410","DCLK1",57,1
"411","DCN",15,1
"412","DCPS",52.3,3
"413","DCTN3",152,1
"414","DCTN5",86,1
"415","DCTN6",18.3,3
"416","DCUN1D5",52.6,8
"417","DDB1",203,1
"418","DDX11",32.2,4
"419","DDX53",10,1
"420","DDX54",94.5,1
"421","DECR1",20.2,2
"422","DEFA5",123,1
"423","DEFB103A",107.7,3
"424","DEFB114",45.5,1
"425","DEFB115",15,1
"426","DEPDC1",10,1
"427","DERL1",85.8,2
"428","DESI2",30.5,1
"429","DGKZ",72.5,1
"430","DHCR7",75.5,14
"431","DHRSX",15,1
"432","DHX29",71.5,1
"433","DHX35",45,1
"434","DIABLO",80,1
"435","DIAPH2",10,1
"436","DIAPH3",17,1
"437","DIP2B",16,1
"438","DKK1",21,2
"439","DKK3",40.8,2
"440","DLC1",25.3,7
"441","DLD",58.8,2
"442","DLG1",10,1
"443","DLG2",11.2,9
"444","DLG5",38,2
"445","DLGAP1",10,2
"446","DLX5",53,1
"447","DMD",10,4
"448","DNA2",38,1
"449","DNAH11",21.5,1
"450","DNAH5",10,2
"451","DNAH8",39,1
"452","DNAH9",21.5,1
"453","DNAJC19",31,1
"454","DNM1L",36.5,1
"455","DNM3",45,3
"456","DNTTIP1",224,2
"457","DNTTIP2",27.5,1
"458","DOCK1",17,3
"459","DOK5",10,2
"460","DOK6",35.5,1
"461","DPF1",129.8,2
"462","DPPA3",88,1
"463","DPY19L2",24.2,3
"464","DR1",39.5,2
"465","DRAM1",58.5,1
"466","DRAP1",126,1
"467","DRG1",188.5,1
"468","DSC2",16,1
"469","DSCC1",45.5,2
"470","DSG2",80.7,3
"471","DST",20.5,2
"472","DTD1",30.5,1
"473","DTNA",23,1
"474","DTNBP1",10,3
"475","DUSP13",27.5,1
"476","DUSP8",86,1
"477","DUT",64.5,2
"478","DVL3",105,1
"479","DYNC1I1",21,1
"480","DYNC2H1",32.5,4
"481","DYNLRB1",109.1,6
"482","DYNLT1",44,1
"483","DYNLT3",46,1
"484","DYRK1A",59,1
"485","DYRK2",26.7,22
"486","E2F1",216,1
"487","E2F5",59.5,1
"488","E2F7",25.2,3
"489","E2F8",30.5,1
"490","EAF1",55.5,1
"491","EAPP",33.5,2
"492","EBF3",10,1
"493","ECD",51,1
"494","ECT2",64.5,2
"495","EDEM3",26.5,2
"496","EDN1",28,1
"497","EEA1",28.2,3
"498","EEF1A2",216.8,2
"499","EFCAB1",10,1
"500","EFNA3",204,1
"501","EFNB1",36,1
"502","EFR3A",24.6,5
"503","EGLN2",122.5,1
"504","EGR2",22.5,1
"505","EHF",35.5,1
"506","EIF1",165.8,15
"507","EIF2B5",84,2
"508","EIF2S1",36,1
"509","EIF2S2",173,1
"510","EIF3H",34.4,5
"511","EIF3M",36.8,2
"512","EIF4E3",22,1
"513","EIF4EBP1",87.2,2
"514","EIF4G1",154.5,2
"515","EIF4G2",54.5,1
"516","EIF5",115,1
"517","EIF6",165,3
"518","ELAC2",23,1
"519","ELAVL2",13,2
"520","ELF1",83,1
"521","ELK3",19.1,6
"522","ELP2",92,1
"523","ELP4",36.5,2
"524","EMB",14.7,3
"525","EML4",59.5,1
"526","ENOX1",10,1
"527","ENOX2",10,1
"528","ENPP1",55,1
"529","ENPP2",32,1
"530","ENY2",51.3,5
"531","EPB41L2",20.8,2
"532","EPB41L3",43.5,1
"533","EPG5",40,1
"534","EPHA5",10,3
"535","EPHA6",16.5,1
"536","EPHB2",87,1
"537","EPHB3",141,1
"538","EPM2A",10,1
"539","EPM2AIP1",30.5,1
"540","EPN3",73,1
"541","EPYC",34,1
"542","ERCC1",170.5,1
"543","ERGIC2",35.5,3
"544","ERMP1",30.5,2
"545","ESRP2",56,1
"546","ESRRG",18.5,1
"547","ETFB",247.5,1
"548","EVA1A",10,1
"549","EXOC2",10,1
"550","EXOC3",97.5,2
"551","EXOC4",27,1
"552","EXTL3",45.5,2
"553","EYA4",82,1
"554","EYS",10,6
"555","F11R",175.2,2
"556","F13A1",18,1
"557","F5",72.5,1
"558","FABP7",30,1
"559","FADD",48.7,35
"560","FAM133B",75,1
"561","FAM135B",13.2,2
"562","FAM168A",50,2
"563","FAM174A",12.5,2
"564","FAM181B",10,1
"565","FAM19A2",10,8
"566","FAM47A",10,1
"567","FAM47B",10,2
"568","FAM47C",15.5,1
"569","FAM49A",10,1
"570","FAM83A",77,1
"571","FAM83B",33.9,4
"572","FAM83D",45,1
"573","FAM84B",10.8,6
"574","FAM86B2",41.2,2
"575","FAM9A",21.5,1
"576","FANCI",104,1
"577","FAR1",10,1
"578","FAR2",28.8,3
"579","FAT3",10,1
"580","FBL",100.8,2
"581","FBXL3",56.5,1
"582","FBXO25",29,3
"583","FBXO3",30,1
"584","FBXO33",23,1
"585","FBXO5",42.2,4
"586","FDFT1",78.4,6
"587","FDXR",315.5,1
"588","FER",15.5,1
"589","FERD3L",21,1
"590","FEZF2",27.5,1
"591","FGA",49,1
"592","FGFR1OP2",105,1
"593","FGFRL1",119.5,1
"594","FGG",49,1
"595","FGGY",10,1
"596","FGL1",81.5,1
"597","FHOD3",26,1
"598","FIP1L1",26.8,4
"599","FJX1",44.4,5
"600","FKBP10",421,1
"601","FKBP1A",128,1
"602","FKBP4",34,1
"603","FKSG68",10,1
"604","FLOT2",138.5,1
"605","FLRT3",16,1
"606","FMO1",42,1
"607","FNTA",38.5,1
"608","FOXA2",49.6,4
"609","FOXA3",100,1
"610","FOXD4",36.5,1
"611","FOXG1",10,1
"612","FOXJ2",94.3,3
"613","FOXJ3",43.5,1
"614","FOXM1",70.7,3
"615","FOXN3",32.5,1
"616","FOXO3",74.5,2
"617","FOXP2",14.5,5
"618","FOXP4",85,1
"619","FREM1",10,1
"620","FREM2",30,1
"621","FRG1B",15,1
"622","FRK",63.8,2
"623","FRMD6",35.5,1
"624","FRY",34,1
"625","FSHR",10,1
"626","FUNDC1",36.5,2
"627","FUT10",10,2
"628","FXN",60.5,1
"629","FZD1",21.5,1
"630","FZD5",24,1
"631","FZD8",20,1
"632","G3BP2",39,1
"633","GABPA",45,2
"634","GABPB1",58,1
"635","GABRB3",10,1
"636","GADD45G",16,1
"637","GAK",122.5,1
"638","GAL",53.7,3
"639","GALP",209.2,3
"640","GAS7",44.5,1
"641","GBE1",10,1
"642","GDI2",97.5,1
"643","GDPD5",88.5,2
"644","GEMIN8",50,1
"645","GEN1",35.5,1
"646","GFRAL",21,1
"647","GGN",202.8,3
"648","GHR",21,1
"649","GID8",323.5,1
"650","GINS1",99.5,1
"651","GINS4",37,5
"652","GIP",200,1
"653","GIT1",112.2,4
"654","GIT2",139,1
"655","GJB2",35,1
"656","GJD4",20,1
"657","GK",33,2
"658","GLDC",27,1
"659","GLI3",10,2
"660","GLI4",131,1
"661","GLIPR1L1",28.3,3
"662","GLIS3",17.8,2
"663","GLO1",47,1
"664","GLP1R",49,1
"665","GLRB",29,1
"666","GLRX3",16.5,1
"667","GMDS",15.5,1
"668","GML",109.2,2
"669","GMNN",69,1
"670","GNG10",56.5,1
"671","GNG11",28,1
"672","GNL3L",107.5,1
"673","GOLIM4",10,2
"674","GOLPH3",45,1
"675","GORAB",10,1
"676","GOSR2",99,1
"677","GPAT2",30,1
"678","GPC2",152,1
"679","GPC3",15,1
"680","GPC4",15,1
"681","GPC6",10,1
"682","GPCPD1",24,1
"683","GPHN",10,1
"684","GPI",94.8,2
"685","GPN3",136,1
"686","GPNMB",82,1
"687","GPR158",16.8,2
"688","GPR37",10,1
"689","GPX4",201.5,1
"690","GPX8",68.5,2
"691","GRAMD1A",71,1
"692","GRB10",15,1
"693","GRB2",218.5,2
"694","GRHL2",27,1
"695","GRIK1",228.5,1
"696","GRIK2",10,4
"697","GRIK4",10,1
"698","GRIN3A",15,1
"699","GRIP1",11,6
"700","GRM1",23.2,4
"701","GRM5",19.7,3
"702","GRM7",10,3
"703","GRM8",13.2,4
"704","GRPR",86.5,1
"705","GRSF1",95.5,1
"706","GSC",52,1
"707","GSDMC",17.2,5
"708","GSDMD",78,1
"709","GSR",50.5,1
"710","GSS",129.3,3
"711","GSTM2",95,1
"712","GSTM3",104,1
"713","GTF2A2",32,1
"714","GTF2E2",58,2
"715","GTF2H5",30,1
"716","GTF3A",49.5,2
"717","GTPBP10",34.5,1
"718","GTSE1",102,2
"719","GUCY1A2",15,1
"720","GUCY2C",58.5,1
"721","GUF1",30.5,1
"722","GYG1",46.5,1
"723","GYG2",43,1
"724","GZMB",27,1
"725","HACE1",10,1
"726","HAMP",195.5,1
"727","HAO1",15,1
"728","HAP1",193.9,6
"729","HAUS1",92.5,1
"730","HAUS2",109.5,1
"731","HAUS5",327.8,3
"732","HBP1",80.5,1
"733","HCCS",30.5,2
"734","HDAC9",23,1
"735","HDGFL1",10,2
"736","HDX",10,1
"737","HECTD1",44.3,3
"738","HELB",16,1
"739","HELZ2",218.5,1
"740","HES6",91.5,1
"741","HGSNAT",10,1
"742","HIBCH",40.5,1
"743","HIC2",45.5,1
"744","HID1",295.5,1
"745","HILPDA",40,1
"746","HIPK3",37.3,3
"747","HIVEP1",20,3
"748","HIVEP2",16,1
"749","HIVEP3",29.5,2
"750","HK1",106,2
"751","HLX",41.5,1
"752","HM13",61.5,1
"753","HMCN1",10,1
"754","HMGCS1",46,2
"755","HMGN1",54,1
"756","HMGN5",28.5,1
"757","HNF1B",70.2,5
"758","HNF4A",206,3
"759","HNF4G",16.9,5
"760","HNRNPC",146,1
"761","HNRNPL",259.5,1
"762","HOPX",23,1
"763","HORMAD2",76.5,1
"764","HOXB3",79.5,1
"765","HOXB4",87.5,1
"766","HOXB5",194,1
"767","HOXB7",150.4,7
"768","HOXB9",170.8,3
"769","HPRT1",44,2
"770","HSF2",41.1,5
"771","HSP90AB1",80.5,2
"772","HSP90B1",86.5,1
"773","HSPA13",34.5,2
"774","HSPA5",68,2
"775","HSPB8",16,1
"776","HTR1E",16,1
"777","HTRA1",64,1
"778","IARS2",33.5,1
"779","ICA1",18,1
"780","ID2",60,1
"781","ID4",13,5
"782","IDO1",31,10
"783","IDO2",15,1
"784","IER3IP1",74.5,1
"785","IFNG",21.6,5
"786","IGF2BP1",60.5,1
"787","IGF2BP3",89.6,4
"788","IGFBP3",23,1
"789","IGHMBP2",50.1,4
"790","IGSF3",72.5,1
"791","IL13RA1",46,1
"792","IL17D",35,1
"793","IL1RAPL2",16.2,2
"794","IL22",23.5,4
"795","IL26",19,3
"796","IL6",70.5,1
"797","IL7",22,2
"798","ILF2",282,1
"799","IMMP2L",10,1
"800","IMP4",112,1
"801","IMPA1",56.5,1
"802","IMPA2",75.5,1
"803","IMPACT",40,1
"804","ING3",52,1
"805","INO80C",23,1
"806","INPP1",40,1
"807","INPP5A",69.8,2
"808","INSC",10,1
"809","INTS2",20,2
"810","INTS8",61.5,1
"811","IPCEF1",15,1
"812","IPO8",15.5,2
"813","IQSEC1",16,2
"814","IRAK3",34,1
"815","IRF6",39,1
"816","IRX1",10,2
"817","IRX2",25,1
"818","IRX5",49.8,2
"819","ISM1",18.5,2
"820","ITGB1",10,1
"821","ITIH5",21.5,1
"822","ITPR2",12.5,2
"823","IVL",169,1
"824","IVNS1ABP",16,1
"825","JAG1",38.1,5
"826","JAM3",22,1
"827","JAZF1",22,1
"828","JKAMP",42,1
"829","JMJD1C",16,2
"830","JUP",235.3,8
"831","KANK4",22,1
"832","KCMF1",16,1
"833","KCNA4",19.5,2
"834","KCNC2",12.5,2
"835","KCND2",10,2
"836","KCNH8",10,1
"837","KCNIP4",10,2
"838","KCNJ16",10,1
"839","KCNJ2",13.5,2
"840","KCNK5",57.5,2
"841","KCNK9",28,1
"842","KCNMA1",15.5,4
"843","KCNMB4",22,2
"844","KCNQ5",16,2
"845","KCNU1",10,9
"846","KCTD1",19,3
"847","KDM1A",79.2,2
"848","KDM1B",30.5,1
"849","KDM2A",246.8,2
"850","KDM2B",70.5,2
"851","KDM4C",21.2,2
"852","KDM5B",148.5,1
"853","KHDRBS2",16.5,1
"854","KHDRBS3",10,2
"855","KIAA1462",10,1
"856","KIDINS220",15,1
"857","KIF14",28,1
"858","KIF25",21.5,1
"859","KIF2B",12.7,7
"860","KIFAP3",44.5,2
"861","KITLG",12.5,2
"862","KLF12",10,1
"863","KLF13",29.5,1
"864","KLF9",53,1
"865","KLHL1",10,1
"866","KLHL29",21.5,1
"867","KLHL7",83.3,3
"868","KPNA2",77.3,3
"869","KRR1",44.8,4
"870","KRT10",384.2,2
"871","KRT12",355.2,4
"872","KRT13",266.5,1
"873","KRT14",249,3
"874","KRT15",293.1,7
"875","KRT19",321.2,4
"876","KRT20",363,1
"877","KRT23",339.2,5
"878","KRT24",353.5,1
"879","KRT31",240.2,4
"880","KRT33B",160,1
"881","KRT34",155.5,1
"882","KRT39",241.5,3
"883","KRT40",250.7,3
"884","KRT6B",92,1
"885","KRT72",87.5,1
"886","KRT9",275.5,3
"887","KRTAP11-1",161.5,1
"888","KRTAP16-1",241,1
"889","KRTAP20-2",196.5,1
"890","KRTAP21-2",168,1
"891","KRTAP8-1",159.5,1
"892","KRTAP9-3",191,1
"893","KSR1",29.2,5
"894","L3MBTL3",30,2
"895","LAMA1",32.5,1
"896","LAMA2",18.2,4
"897","LAMA3",34.5,2
"898","LAMB1",35,1
"899","LAMP3",29,1
"900","LAMTOR1",122.8,2
"901","LAS1L",23,1
"902","LCE5A",168,1
"903","LCMT1",46,1
"904","LDHA",107,1
"905","LDHB",76,2
"906","LEMD3",29,4
"907","LGALS9",39.3,3
"908","LGALS9B",26,2
"909","LHFPL3",10,1
"910","LHX8",15.5,1
"911","LIF",73,1
"912","LIG3",63.8,2
"913","LIG4",37,1
"914","LILRB2",269.5,1
"915","LIMD1",111.5,1
"916","LIMS1",32,1
"917","LIN28B",29.2,4
"918","LIN7A",22,1
"919","LINC00923",10,1
"920","LINGO2",10,2
"921","LIPE",208,1
"922","LMBRD1",10,1
"923","LONRF1",21.5,1
"924","LPAR3",50,1
"925","LPAR4",23,1
"926","LPIN1",57.5,1
"927","LPL",36,1
"928","LRAT",23,1
"929","LRFN5",10,2
"930","LRIG1",22,1
"931","LRP12",28,2
"932","LRRC28",28.5,2
"933","LRRC38",93,1
"934","LRRC3B",10,1
"935","LRRC4C",10,3
"936","LRRC55",16,1
"937","LRRCC1",16,1
"938","LRRK1",32,2
"939","LRRK2",26.5,3
"940","LSAMP",16,1
"941","LSG1",76.5,1
"942","LSM5",24,1
"943","LTV1",38.5,1
"944","LUC7L3",71.5,1
"945","LUM",15,1
"946","LUZP2",10,2
"947","LY6K",120.3,3
"948","LY96",35.5,1
"949","LYPLA1",22,1
"950","MACROD2",10,1
"951","MAG",327,1
"952","MAGI2",10,1
"953","MAGOHB",264,1
"954","MAK16",34,1
"955","MAN1A1",14.5,4
"956","MANEA",10,1
"957","MAP2K3",48.3,3
"958","MAP2K6",27.7,5
"959","MAP3K8",25.5,1
"960","MAPK6",80.5,2
"961","MAPK7",75.5,1
"962","MAPK8IP2",249,1
"963","MAPRE1",167,1
"964","MARK2",124.5,1
"965","MAT1A",83,1
"966","MBD3",207.5,1
"967","MBOAT1",15,3
"968","MBOAT2",15,1
"969","MBOAT7",284,1
"970","MBTD1",45,1
"971","MC3R",16,1
"972","MCF2L",52.8,2
"973","MCHR2",10,1
"974","MCM10",75.5,1
"975","MCM3",58,2
"976","MCM4",40.5,1
"977","MCM7",312,2
"978","MCM9",44,1
"979","MCOLN3",33,1
"980","MCPH1",40.5,1
"981","MCTP2",10,5
"982","MCTS1",166.2,2
"983","MDC1",268.5,1
"984","MDGA1",15,1
"985","MDGA2",10,1
"986","MDK",81.5,1
"987","MDM1",24,5
"988","ME1",80.5,1
"989","MED13",16,1
"990","MED13L",13.5,2
"991","MED15",36,2
"992","MED17",76.5,1
"993","MED19",70,2
"994","MED21",67.9,8
"995","MED23",46.5,2
"996","MED27",10,1
"997","MED29",231.3,3
"998","MED30",21,2
"999","MEF2A",60,2
"1000","MEIS2",16.5,1
"1001","MELK",25,1
"1002","MEPCE",384.5,1
"1003","MESP1",66,1
"1004","METTL13",82.5,1
"1005","MFAP5",63.5,1
"1006","MFHAS1",35,1
"1007","MGAT4C",10,5
"1008","MGST1",26.8,2
"1009","MICB",224.5,1
"1010","MID1IP1",16,1
"1011","MIPEP",57.5,1
"1012","MIPOL1",23.1,4
"1013","MIS18A",90,1
"1014","MKL2",10,1
"1015","MKLN1",15,1
"1016","MLIP",15,1
"1017","MMP10",46.5,1
"1018","MMP13",66,1
"1019","MMP16",17,2
"1020","MMP7",61.5,1
"1021","MMP8",77,1
"1022","MND1",40.5,1
"1023","MOCS1",22,2
"1024","MORC2",176,1
"1025","MORF4L2",106.8,2
"1026","MOSPD2",26,1
"1027","MPC1",27.5,1
"1028","MPDZ",10,1
"1029","MPZL1",60,2
"1030","MRPL1",22,1
"1031","MRPL21",50.5,2
"1032","MRPL48",66,1
"1033","MRPS12",264.5,1
"1034","MRPS30",17,1
"1035","MRPS31",74,1
"1036","MRPS35",53.5,1
"1037","MRPS5",22,1
"1038","MRPS9",15.5,1
"1039","MS4A4A",85.5,1
"1040","MS4A6A",59,1
"1041","MSC",31.5,1
"1042","MSL2",26.3,3
"1043","MSN",23,1
"1044","MSR1",10,2
"1045","MSRA",10,1
"1046","MTBP",32.7,3
"1047","MTDH",23.5,1
"1048","MTHFD1L",26.7,3
"1049","MTMR14",43.5,1
"1050","MTMR8",17,1
"1051","MTMR9",58.2,3
"1052","MTPN",35,1
"1053","MTSS1",71.2,2
"1054","MTUS1",71,2
"1055","MTUS2",10,1
"1056","MUC1",212,1
"1057","MUCL1",41,1
"1058","MUM1L1",10,1
"1059","MXRA5",31.5,1
"1060","MYADM",285,1
"1061","MYBL2",90,6
"1062","MYEOV",15.6,11
"1063","MYF5",37.1,6
"1064","MYF6",33.5,1
"1065","MYH3",69,1
"1066","MYL12B",27.5,1
"1067","MYNN",67,1
"1068","MYO10",27,1
"1069","MYO16",10,3
"1070","MYO18A",63.6,4
"1071","MYO18B",16,1
"1072","MYO1B",26,1
"1073","MYO5C",27,1
"1074","MYRFL",28.2,3
"1075","MYT1L",10,1
"1076","MZF1",328.3,3
"1077","MZT1",19.8,2
"1078","NAALADL2",10,5
"1079","NADSYN1",72,2
"1080","NAMPT",30.5,4
"1081","NANOS3",81.5,1
"1082","NAP1L1",15,1
"1083","NARS2",15,1
"1084","NAV2",17.5,1
"1085","NAV3",10.5,12
"1086","NCAM2",10,1
"1087","NCAPD3",72.5,1
"1088","NCAPG",32.5,1
"1089","NCAPH2",235.5,1
"1090","NCK2",22.5,1
"1091","NCKAP1",52.5,3
"1092","NCOA6",50.8,2
"1093","NDC80",58.8,3
"1094","NDE1",42,1
"1095","NDP",26.5,2
"1096","NDUFA10",76,2
"1097","NDUFA9",56.5,1
"1098","NDUFAF5",43,1
"1099","NDUFB11",45.5,1
"1100","NDUFB6",35.5,1
"1101","NDUFB9",76.3,6
"1102","NDUFC2",48.5,1
"1103","NDUFS2",177,3
"1104","NEBL",23,1
"1105","NEDD1",13.2,4
"1106","NEDD9",74,2
"1107","NEIL2",74.6,5
"1108","NEK2",42,1
"1109","NEK7",17.5,1
"1110","NELL2",16.5,1
"1111","NET1",95.5,1
"1112","NEUROD6",23,1
"1113","NEUROG3",104.8,2
"1114","NFIA",15.6,6
"1115","NFIB",23,11
"1116","NFYA",96.5,1
"1117","NFYB",85,1
"1118","NFYC",75,1
"1119","NHSL1",44.5,1
"1120","NID2",35.5,1
"1121","NIP7",171,1
"1122","NIPBL",42.5,2
"1123","NKAIN2",15.8,3
"1124","NKAIN3",10,1
"1125","NLGN1",16,2
"1126","NLGN4X",13.5,2
"1127","NLRP5",88,1
"1128","NLRP8",88,1
"1129","NMD3",30.5,2
"1130","NME2",67.8,2
"1131","NMNAT3",22,1
"1132","NOD1",23,1
"1133","NODAL",31,1
"1134","NOL7",39.5,1
"1135","NOP58",78,1
"1136","NOS2",32.5,2
"1137","NOVA1",10,3
"1138","NPAS3",10,1
"1139","NPC1",63.4,5
"1140","NPR1",271.5,1
"1141","NPR2",163.2,2
"1142","NPSR1",15.5,1
"1143","NPY",29,1
"1144","NQO1",176.5,1
"1145","NR0B1",63,1
"1146","NR1H4",22,1
"1147","NR2C1",39,1
"1148","NR2C2",71.2,2
"1149","NR2F2",10,1
"1150","NR4A2",16.5,1
"1151","NR5A2",10,1
"1152","NRBF2",16,1
"1153","NRCAM",36.5,1
"1154","NRG3",10,8
"1155","NRSN1",15,1
"1156","NRXN1",10,2
"1157","NSF",67.9,5
"1158","NSMAF",20,1
"1159","NSMCE2",28.2,4
"1160","NSMCE4A",30.2,2
"1161","NSRP1",62.7,3
"1162","NT5DC3",20,1
"1163","NTM",13.2,2
"1164","NTS",26.2,3
"1165","NUAK1",10,1
"1166","NUBP1",48,2
"1167","NUDT10",22,1
"1168","NUDT11",22,1
"1169","NUDT5",34.5,1
"1170","NUMA1",116.3,3
"1171","NUMBL",115.5,1
"1172","NUP133",41,1
"1173","NUP153",46,1
"1174","NUP155",27,1
"1175","NUP210",15,1
"1176","NUP43",79.5,1
"1177","NUP50",63,1
"1178","NUP54",94,1
"1179","NUP85",204.5,2
"1180","NVL",35,1
"1181","NXNL2",15,1
"1182","NXT1",98.5,1
"1183","NXT2",17,1
"1184","OAS3",89.5,1
"1185","OC90",28,1
"1186","OFCC1",10,2
"1187","OIP5",40,1
"1188","OLA1",69,1
"1189","OLR1",97.5,1
"1190","OMP",100,1
"1191","OPA1",79.5,1
"1192","OPN5",18,3
"1193","OR10AG1",124,1
"1194","OR10P1",74.5,1
"1195","OR4A5",10,1
"1196","OR4C12",16,1
"1197","OR4C46",16,1
"1198","OR4C6",59.5,1
"1199","OR4D5",94,1
"1200","OR5F1",77,1
"1201","OR5L2",81,1
"1202","OR5M11",106,1
"1203","OR6C2",74.5,1
"1204","OR6C3",84.5,1
"1205","OR6C6",59.5,2
"1206","OR8I2",97,1
"1207","OR8K5",114.5,2
"1208","OR8U1",111.2,2
"1209","ORC5",22.8,2
"1210","OSBPL8",10,1
"1211","OSER1",293.5,1
"1212","OSTF1",16.5,1
"1213","OTOGL",17,1
"1214","OTUD6B",40.7,3
"1215","OTX1",31,2
"1216","OVCH1",33.5,1
"1217","OXR1",17.5,3
"1218","P2RX4",59.5,1
"1219","P2RY12",43,1
"1220","P2RY6",87.5,2
"1221","PAAF1",130,1
"1222","PABPC1",64.3,9
"1223","PABPC4",65.5,1
"1224","PABPN1",153.2,3
"1225","PAF1",269.3,5
"1226","PAFAH1B3",217,1
"1227","PAG1",24.8,2
"1228","PAK1IP1",108.5,1
"1229","PAK3",52.5,1
"1230","PAK4",251.9,7
"1231","PAPPA2",16,1
"1232","PARD3",10,1
"1233","PARD6B",53,2
"1234","PARL",54,1
"1235","PARP11",15.5,2
"1236","PAWR",19.7,3
"1237","PAX9",18.5,1
"1238","PC",169.5,4
"1239","PCDH11X",10,5
"1240","PCDH15",13.2,2
"1241","PCDH19",10,1
"1242","PCDH7",10,3
"1243","PCF11",44,2
"1244","PCGF2",123.8,2
"1245","PCIF1",334.5,1
"1246","PCLO",16,1
"1247","PCMT1",73,1
"1248","PCNA",125.5,2
"1249","PCOLCE2",41,1
"1250","PCSK2",10,1
"1251","PCTP",19.6,5
"1252","PDC",22,1
"1253","PDCD5",74.5,6
"1254","PDCD6",82,4
"1255","PDCD6IP",16.8,2
"1256","PDE10A",18,1
"1257","PDE1C",22.5,1
"1258","PDGFD",17,4
"1259","PDIK1L",83,1
"1260","PDK3",25,1
"1261","PDK4",34,1
"1262","PDPN",102,1
"1263","PDSS2",41,10
"1264","PDX1",46,1
"1265","PENK",10,1
"1266","PER2",78.5,1
"1267","PERP",45.2,5
"1268","PES1",192.5,1
"1269","PEX1",75,1
"1270","PEX11B",100.5,1
"1271","PEX2",13.7,3
"1272","PEX5L",10,1
"1273","PFDN2",160.8,3
"1274","PFDN4",30.5,4
"1275","PGGT1B",42,1
"1276","PGM3",64.5,2
"1277","PHACTR3",40.9,7
"1278","PHC1",62.5,2
"1279","PHEX",27.5,1
"1280","PHF12",111.5,5
"1281","PHF20L1",51.7,3
"1282","PHF8",22.5,1
"1283","PHGDH",43,1
"1284","PHIP",24.5,1
"1285","PHKG1",52.8,2
"1286","PHLDA1",15,1
"1287","PHLDB1",128.5,1
"1288","PI4KB",160.5,1
"1289","PIAS1",60,1
"1290","PIAS2",81.2,2
"1291","PICALM",75.3,3
"1292","PIGC",71,2
"1293","PIGS",232,1
"1294","PIGU",102.5,1
"1295","PIK3C2G",19,2
"1296","PIK3C3",16.5,2
"1297","PIM3",276.5,1
"1298","PINX1",68.7,8
"1299","PISD",29.5,1
"1300","PIWIL3",22.5,1
"1301","PKHD1",38.3,3
"1302","PKIA",22,1
"1303","PKM",117,1
"1304","PKP2",18.5,1
"1305","PLA2G7",58.9,4
"1306","PLAA",39.7,3
"1307","PLAGL1",82.5,3
"1308","PLAGL2",111.5,2
"1309","PLAU",78.5,1
"1310","PLCB4",34.5,1
"1311","PLCL1",10,1
"1312","PLCZ1",24.2,2
"1313","PLD1",16,1
"1314","PLEKHA5",22,1
"1315","PLK1",109,1
"1316","PLK2",42,1
"1317","PLOD2",33.5,1
"1318","PLXDC2",10,1
"1319","PLXNA2",10,1
"1320","PMEPA1",55.2,6
"1321","PNN",62.8,3
"1322","PNPLA4",35.5,1
"1323","PNPLA8",26.5,1
"1324","PODXL",15,1
"1325","POGZ",162,1
"1326","POLD2",107.8,3
"1327","POLD3",112.6,8
"1328","POLR2E",199,1
"1329","POLR2H",176.5,1
"1330","POLR2K",59.8,6
"1331","POLR3B",38,1
"1332","POLR3D",126.5,1
"1333","POM121",18,1
"1334","POM121L12",10,13
"1335","PON1",74,1
"1336","POP4",31.5,2
"1337","POP7",364,1
"1338","POSTN",18,1
"1339","POTEH",34,2
"1340","POU2F1",54.8,2
"1341","POU4F1",17.5,1
"1342","POU5F1B",11.2,9
"1343","PPCS",130,1
"1344","PPFIA2",13.8,6
"1345","PPHLN1",36,1
"1346","PPIA",143.5,1
"1347","PPIF",84,2
"1348","PPIP5K2",39.5,1
"1349","PPM1H",33.2,2
"1350","PPME1",114,3
"1351","PPP1R11",270,1
"1352","PPP1R12A",26.3,3
"1353","PPP1R3B",17,1
"1354","PPP3R2",15,1
"1355","PPP6R3",23,1
"1356","PRB2",262.5,1
"1357","PRCP",24,2
"1358","PRDM9",17.5,2
"1359","PRDX4",52,1
"1360","PREP",34.5,2
"1361","PRIM2",44.5,2
"1362","PRKAA1",57.5,1
"1363","PRKAA2",25,1
"1364","PRKACB",55.5,1
"1365","PRKAR1A",59,1
"1366","PRKCA",27,7
"1367","PRKD1",10,3
"1368","PRKG1",10,1
"1369","PRKG2",22,1
"1370","PRKX",17.5,1
"1371","PRL",15,4
"1372","PRM2",43.5,3
"1373","PRMT5",232.8,2
"1374","PRMT8",11.7,3
"1375","PROK2",22,1
"1376","PROS1",39,1
"1377","PRPF19",191,1
"1378","PRPF3",83,1
"1379","PRPF31",307.8,2
"1380","PRPF40A",25,1
"1381","PRPF4B",89.5,1
"1382","PRPF6",168.8,4
"1383","PRPS1",65,1
"1384","PRRC2C",57.2,3
"1385","PRRG4",50,3
"1386","PRRX1",42.5,4
"1387","PRSS16",63.5,1
"1388","PRUNE2",28,1
"1389","PSAP",35,1
"1390","PSD3",22,1
"1391","PSMA2",31.8,2
"1392","PSMA6",61.8,6
"1393","PSMA8",21.5,1
"1394","PSMB3",88.5,1
"1395","PSMB4",162.5,1
"1396","PSMB5",210.2,2
"1397","PSMB7",58.5,2
"1398","PSMC2",64.7,3
"1399","PSMC4",57.5,1
"1400","PSMC6",56.5,1
"1401","PSMD10",76.5,1
"1402","PSMD11",80,8
"1403","PSMD12",30.5,1
"1404","PSMD2",168,1
"1405","PSMD8",199.2,2
"1406","PSMD9",75.2,2
"1407","PSMF1",120.5,1
"1408","PSPH",36.5,1
"1409","PSTPIP2",40,1
"1410","PTCHD1",16,1
"1411","PTCHD4",15,1
"1412","PTGFRN",87,1
"1413","PTH",27,1
"1414","PTHLH",47,1
"1415","PTK2",43.2,2
"1416","PTK6",234.7,3
"1417","PTN",20.5,1
"1418","PTP4A1",31.1,6
"1419","PTP4A3",108.5,1
"1420","PTPRG",28.5,2
"1421","PTPRM",26,2
"1422","PTPRR",13.2,4
"1423","PTTG1",66,2
"1424","PUS3",64.5,1
"1425","PUS7",61.5,1
"1426","PXDNL",10,1
"1427","PYROXD1",50,2
"1428","QRSL1",37.5,5
"1429","RAB12",10,1
"1430","RAB13",288.5,1
"1431","RAB1B",256,1
"1432","RAB21",56.5,2
"1433","RAB22A",49.4,5
"1434","RAB23",65.5,1
"1435","RAB28",20.5,1
"1436","RAB2A",36,1
"1437","RAB34",82,1
"1438","RAB38",15,1
"1439","RAB3IP",29.5,1
"1440","RAB4A",41,1
"1441","RAB5A",46,1
"1442","RAB6A",105.2,10
"1443","RABGGTB",35,1
"1444","RACGAP1",111,1
"1445","RAD23B",16.5,1
"1446","RAD54B",29,1
"1447","RAE1",74.9,5
"1448","RAG1",53,3
"1449","RALGAPA1",23,2
"1450","RALY",116.2,2
"1451","RALYL",10,3
"1452","RANBP9",45.2,2
"1453","RAP2B",10,1
"1454","RAPGEF5",27.2,2
"1455","RASA3",21,1
"1456","RASAL2",24,1
"1457","RASSF8",10,1
"1458","RASSF9",22,3
"1459","RBBP7",41,1
"1460","RBBP8",19.5,4
"1461","RBFOX1",10,1
"1462","RBM17",51,1
"1463","RBM19",16.5,1
"1464","RBM8A",115,1
"1465","RBMX",32.5,1
"1466","RBPJ",54.2,2
"1467","RBPJL",231.5,4
"1468","RDH14",31,1
"1469","REEP3",15,1
"1470","REEP4",125.5,1
"1471","REG4",15,1
"1472","RELN",10,1
"1473","REPS1",69,1
"1474","RFC1",64,1
"1475","RFK",29,1
"1476","RFX3",23.5,1
"1477","RFX6",30.5,1
"1478","RFX7",15.5,1
"1479","RGMA",12,3
"1480","RGPD4",22.5,1
"1481","RGS19",163,1
"1482","RHOBTB1",23,1
"1483","RHPN1",88,1
"1484","RHPN2",102.5,2
"1485","RILP",141,1
"1486","RIMS1",12.5,2
"1487","RINT1",56.2,2
"1488","RIOK1",64.5,3
"1489","RIOK3",55.7,3
"1490","RIPK2",29.5,1
"1491","RIT2",12.5,2
"1492","RNF128",39,1
"1493","RNF135",51.5,1
"1494","RNF138",74,3
"1495","RNF139",84,1
"1496","RNF144B",10,1
"1497","RNF169",78,1
"1498","RNF19A",19,2
"1499","RNF4",28.5,1
"1500","RNGTT",62,1
"1501","ROCK1",23,1
"1502","ROMO1",138.8,2
"1503","RORA",10,2
"1504","RP11-204N11.1",10,1
"1505","RP11-272B17.2",22.5,1
"1506","RP11-297M9.1",10,1
"1507","RP11-362K2.2",10,10
"1508","RP11-67H2.1",10,3
"1509","RP11-723G8.2",10,3
"1510","RPA1",150.5,1
"1511","RPA3",18,1
"1512","RPAP3",29,1
"1513","RPE",41,1
"1514","RPL12",119.5,1
"1515","RPL14",81.5,1
"1516","RPL18",140.5,1
"1517","RPL19",72.6,4
"1518","RPL23",112.2,7
"1519","RPL23A",151.2,3
"1520","RPL27A",28,1
"1521","RPL28",289.3,3
"1522","RPL30",53,1
"1523","RPL31",23.5,1
"1524","RPL32",42.5,1
"1525","RPL35A",44,1
"1526","RPL37",39.2,3
"1527","RPL7L1",58.8,2
"1528","RPL9",59.5,2
"1529","RPP21",267,1
"1530","RPS12",96,1
"1531","RPS16",230.5,6
"1532","RPS24",33.2,5
"1533","RPS29",120,1
"1534","RPS3",97.6,9
"1535","RPS6",25,1
"1536","RPS6KA2",32.7,3
"1537","RPS6KB1",71,1
"1538","RPS7",76,1
"1539","RPS9",302.5,2
"1540","RPSA",81,1
"1541","RRAGB",29.5,1
"1542","RREB1",17.5,1
"1543","RRM2",56,1
"1544","RSU1",36,1
"1545","RTKN2",31.5,1
"1546","RTN4IP1",44.5,7
"1547","RTTN",37,1
"1548","RUNX2",27.5,5
"1549","RYR1",199,5
"1550","S100A14",272.5,1
"1551","SALL1",27.5,1
"1552","SAMD12",17,1
"1553","SAMD5",10,1
"1554","SAMD9",32.5,1
"1555","SASH1",17.2,5
"1556","SBK2",273.5,2
"1557","SCAF8",36,1
"1558","SCGN",16,1
"1559","SCN1B",71.5,1
"1560","SCN7A",16,1
"1561","SCN8A",16,1
"1562","SCO2",277,1
"1563","SCYL3",69.7,3
"1564","SDAD1",96,1
"1565","SDC4",244.4,4
"1566","SDCBP",39,1
"1567","SDK2",10,2
"1568","SEC61G",17,4
"1569","SEC63",55.5,4
"1570","SEH1L",37.8,2
"1571","SEL1L3",16,2
"1572","SEMA3A",21,1
"1573","SEMA3D",10,4
"1574","SEMA3E",19.5,2
"1575","SEMA4C",41.7,3
"1576","SEMA5A",15.5,2
"1577","SEPHS1",79.5,1
"1578","SESTD1",15.5,1
"1579","SF3A3",76.5,2
"1580","SF3B3",75.5,1
"1581","SF3B4",84.5,1
"1582","SF3B5",72.5,3
"1583","SFMBT2",10,1
"1584","SFTPA1",81.5,1
"1585","SFXN1",16,1
"1586","SGCB",33,1
"1587","SGCE",53.5,2
"1588","SGCZ",10,5
"1589","SGIP1",46,1
"1590","SGSM1",22.5,1
"1591","SH3RF3",28,2
"1592","SHANK2",28,18
"1593","SHB",37,1
"1594","SHC1",226.5,2
"1595","SHISA9",10,1
"1596","SHOX2",26,1
"1597","SHPRH",28.5,1
"1598","SHROOM3",17,1
"1599","SHROOM4",15,1
"1600","SIAH1",28,1
"1601","SIGMAR1",258.8,2
"1602","SIK3",39.5,1
"1603","SIM1",25.9,4
"1604","SIRT1",55,2
"1605","SKA2",113,1
"1606","SLA",27,1
"1607","SLC16A7",18,7
"1608","SLC17A2",52,1
"1609","SLC20A2",75,1
"1610","SLC22A15",24.8,3
"1611","SLC25A1",38,1
"1612","SLC25A21",27.5,1
"1613","SLC25A6",40.5,1
"1614","SLC26A7",16,1
"1615","SLC29A1",38,1
"1616","SLC2A1",117,1
"1617","SLC2A14",139.5,1
"1618","SLC2A4RG",171,1
"1619","SLC30A10",17,1
"1620","SLC30A8",16,1
"1621","SLC33A1",23.5,1
"1622","SLC35B2",57.5,1
"1623","SLC35B3",10,1
"1624","SLC35C1",63,2
"1625","SLC35F1",10,1
"1626","SLC38A2",29.7,5
"1627","SLC38A4",10,1
"1628","SLC39A11",22.1,4
"1629","SLC39A6",76.5,2
"1630","SLC4A4",30,1
"1631","SLC4A7",24.5,1
"1632","SLC6A14",16,1
"1633","SLC6A15",23.4,5
"1634","SLC7A11",10,1
"1635","SLCO3A1",21,4
"1636","SLIRP",145,1
"1637","SLIT3",10,1
"1638","SMAD7",24.5,4
"1639","SMAP1",17.8,2
"1640","SMC6",35.5,1
"1641","SMG6",128.5,1
"1642","SMG7",85.5,1
"1643","SMPD4",112.5,1
"1644","SNAI2",28.5,6
"1645","SNF8",144.7,3
"1646","SNRNP200",110,1
"1647","SNRPA1",45,1
"1648","SNRPB2",48.5,1
"1649","SNRPD1",44,1
"1650","SNRPD2",156.5,1
"1651","SNRPE",34,2
"1652","SNRPF",52.6,8
"1653","SNRPG",52,1
"1654","SNTB1",10,1
"1655","SNTG1",10,2
"1656","SNTG2",10,1
"1657","SNW1",153,1
"1658","SNX13",21.5,1
"1659","SNX18",18,1
"1660","SNX31",15,1
"1661","SNX9",22,1
"1662","SOCS2",16,1
"1663","SOD1",95.5,1
"1664","SOX4",18.2,15
"1665","SOX5",10,11
"1666","SOX7",68.9,5
"1667","SP2",204.7,7
"1668","SP6",255,1
"1669","SP8",15,1
"1670","SPACA3",16,2
"1671","SPAG11A",97,1
"1672","SPAG16",17,1
"1673","SPAG5",235.5,1
"1674","SPANXN4",10,1
"1675","SPATA8",10,1
"1676","SPC24",111,1
"1677","SPCS2",78,1
"1678","SPECC1",10,1
"1679","SPIDR",10,1
"1680","SPIN1",15,1
"1681","SPIN3",24,1
"1682","SPINT2",245.5,8
"1683","SPOCK2",43,1
"1684","SPOCK3",10,1
"1685","SPRR1A",183.5,1
"1686","SPRY2",10,1
"1687","SPTSSA",22,1
"1688","SQLE",68.2,6
"1689","SRCIN1",85.1,7
"1690","SRD5A3",37,2
"1691","SREBF1",84,1
"1692","SRGAP1",27.2,5
"1693","SRI",53.3,3
"1694","SRMS",215.5,1
"1695","SRP54",76.2,2
"1696","SRSF6",17,2
"1697","SSB",39,1
"1698","SSPN",15.5,2
"1699","SSTR4",21,1
"1700","ST3GAL1",23.8,3
"1701","ST8SIA1",31.1,6
"1702","ST8SIA4",12.5,2
"1703","STAB2",20,1
"1704","STEAP2",34.5,1
"1705","STIP1",107,1
"1706","STK17A",21.5,1
"1707","STK3",28.8,2
"1708","STK38L",104.5,1
"1709","STK4",243.2,4
"1710","STMN1",95.5,1
"1711","STRAP",40.5,1
"1712","STT3B",16.5,1
"1713","STXBP5",20.3,3
"1714","STXBP6",10,1
"1715","STYK1",266,1
"1716","SUDS3",15.5,1
"1717","SULF2",10,1
"1718","SULT1E1",61,1
"1719","SULT2B1",142.5,1
"1720","SUMO1",64,1
"1721","SUMO2",336.5,1
"1722","SUPT3H",10,2
"1723","SUPT4H1",60.3,3
"1724","SUPT5H",267.2,2
"1725","SUSD4",24,1
"1726","SYCP2",43.7,3
"1727","SYMPK",133.8,2
"1728","SYN3",21,1
"1729","SYPL1",25,1
"1730","SYS1",138.5,1
"1731","SYT1",11.2,9
"1732","SYT10",10,2
"1733","SYT13",23,1
"1734","SYT4",15,1
"1735","TAB2",30.5,2
"1736","TACC1",41.9,5
"1737","TADA1",46.2,2
"1738","TAF3",10,2
"1739","TAF4B",35,1
"1740","TAF6",372.5,1
"1741","TAMM41",22,1
"1742","TANC2",10,2
"1743","TAS2R1",10,1
"1744","TAS2R10",104.2,2
"1745","TAS2R31",81.5,1
"1746","TASP1",21,1
"1747","TBC1D32",10,1
"1748","TBC1D5",15.5,1
"1749","TBC1D7",24,1
"1750","TBCB",287.5,2
"1751","TBCD",83.5,1
"1752","TBK1",49.8,2
"1753","TBX15",25.8,2
"1754","TBX2",37,1
"1755","TBX20",31.8,2
"1756","TCEAL1",144.5,1
"1757","TCEAL7",109,2
"1758","TCERG1L",10,2
"1759","TCF12",39,1
"1760","TCN1",92.5,1
"1761","TDO2",26,1
"1762","TEAD3",41,1
"1763","TEAD4",32,1
"1764","TECRL",10,1
"1765","TENM3",10,1
"1766","TENM4",10.4,13
"1767","TERF2",181.5,1
"1768","TES",18,2
"1769","TESK1",322,1
"1770","TFAM",38,1
"1771","TFAP2A",18.5,1
"1772","TFAP2B",15,1
"1773","TFAP2C",10,1
"1774","TFAP2D",37,2
"1775","TFDP1",70.8,2
"1776","TFEC",10,1
"1777","TFG",37,2
"1778","TFPI2",17,1
"1779","TFPT",292,2
"1780","TGFB2",41.5,1
"1781","TGIF1",48,5
"1782","TGIF2LX",10,1
"1783","THAP1",72.5,4
"1784","THAP5",32,1
"1785","THEMIS",10,1
"1786","THOC1",23,1
"1787","THOC5",76.8,2
"1788","TICAM2",42,1
"1789","TICRR",90,1
"1790","TIGD4",15.5,1
"1791","TIMM50",366,1
"1792","TIMP3",18.5,2
"1793","TIMP4",10,1
"1794","TINAG",15,1
"1795","TIPRL",63,3
"1796","TK1",124.5,1
"1797","TLE4",10,1
"1798","TLK2",60.3,6
"1799","TLN1",201.6,8
"1800","TLN2",28,1
"1801","TM2D1",23.2,2
"1802","TM2D2",32.5,2
"1803","TM9SF4",96,2
"1804","TMBIM4",29.5,1
"1805","TMCO5A",10,1
"1806","TMED2",118,1
"1807","TMEM126B",66,2
"1808","TMEM131",52,2
"1809","TMEM132A",170,1
"1810","TMEM132D",10,1
"1811","TMEM147",259.2,3
"1812","TMEM26",13.8,2
"1813","TMEM261",10,1
"1814","TMEM45B",10,1
"1815","TMEM64",42.5,2
"1816","TMEM65",16,1
"1817","TMEM67",49,1
"1818","TMEM70",42.5,2
"1819","TMEM75",10,4
"1820","TMEM98",24,1
"1821","TMPO",17,1
"1822","TMSB15A",39,1
"1823","TMTC1",10,2
"1824","TMTC2",10,3
"1825","TMTC3",15,1
"1826","TMX2",79,1
"1827","TMX4",15,1
"1828","TNF",232,1
"1829","TNFRSF21",62.5,2
"1830","TNFSF10",36.5,2
"1831","TNFSF18",10,1
"1832","TNIK",33.8,2
"1833","TNKS",51.1,5
"1834","TNNI3",306,1
"1835","TNNT1",292,4
"1836","TNR",16,1
"1837","TNS3",24,1
"1838","TOB1",71.5,4
"1839","TOMM7",42.8,2
"1840","TOPORS",48.5,1
"1841","TOX",15,2
"1842","TOX3",14,2
"1843","TP53I11",22,1
"1844","TP53RK",88,1
"1845","TPCN1",89.5,1
"1846","TPCN2",20.8,4
"1847","TPD52",37.1,4
"1848","TPD52L1",32.4,4
"1849","TPGS2",21.5,1
"1850","TPH2",18,3
"1851","TPM2",185.2,2
"1852","TPP2",53.5,1
"1853","TPRG1",10,1
"1854","TRAF4",177.2,2
"1855","TRAF6",55,3
"1856","TRAPPC8",87,2
"1857","TRDN",15,1
"1858","TRHDE",10,5
"1859","TRIB1",22.8,3
"1860","TRIM2",48.5,1
"1861","TRIM28",321.9,4
"1862","TRIM37",63.5,1
"1863","TRIM41",67.5,1
"1864","TRIM55",21.5,2
"1865","TRIM8",63,1
"1866","TRIO",22.5,4
"1867","TRIQK",13.2,2
"1868","TRMT11",29.5,1
"1869","TRPC6",12.7,7
"1870","TRPM3",10,1
"1871","TRPS1",10,9
"1872","TRPV2",82.5,1
"1873","TSEN2",19,2
"1874","TSEN34",262,1
"1875","TSG101",102,1
"1876","TSHZ2",10,7
"1877","TSHZ3",13.3,7
"1878","TSKU",65,1
"1879","TSPAN14",23,1
"1880","TSPAN8",17.7,3
"1881","TSPYL1",112.5,1
"1882","TTC14",16.5,1
"1883","TTC19",105,1
"1884","TTC39C",23.5,2
"1885","TTC6",18.5,4
"1886","TTF2",81.8,3
"1887","TTI1",40.5,1
"1888","TTI2",35.5,2
"1889","TUBGCP2",102.5,1
"1890","TUBGCP3",23.5,1
"1891","TUSC1",10,1
"1892","TUSC3",10,1
"1893","TWF1",40.8,3
"1894","TWIST1",22.7,3
"1895","TWIST2",76,1
"1896","TWISTNB",15.5,1
"1897","TXN",62.5,1
"1898","TYMS",48.5,1
"1899","TYRP1",22,1
"1900","U2AF2",289.9,4
"1901","UBA2",125.5,1
"1902","UBA6",20.5,1
"1903","UBASH3B",19,2
"1904","UBB",82.2,4
"1905","UBE2C",249.8,2
"1906","UBE2D3",28.5,1
"1907","UBE2M",292.8,4
"1908","UBE2N",31.5,1
"1909","UBE2Q1",81,1
"1910","UBE2S",295.9,5
"1911","UBE2V1",55,2
"1912","UBE2Z",165.5,4
"1913","UBE3A",17,1
"1914","UBR2",80,1
"1915","UCHL5",70,1
"1916","UCK2",64,2
"1917","UCP2",125,2
"1918","UCP3",65.5,1
"1919","UFC1",136.5,1
"1920","UFL1",26,1
"1921","UGCG",68.5,1
"1922","UGT2B11",109,1
"1923","UGT2B28",108.5,1
"1924","UHMK1",47.8,2
"1925","ULBP2",50,1
"1926","ULK2",54.1,4
"1927","UNC5B",34,2
"1928","UNC5D",10.9,14
"1929","UPF2",30,1
"1930","UQCRB",30.5,2
"1931","UQCRFS1",13.3,12
"1932","URGCP",66,1
"1933","URI1",15.8,9
"1934","USF1",202.2,2
"1935","USF2",313.8,4
"1936","USO1",39,1
"1937","USP12",16.5,1
"1938","USP15",28.5,4
"1939","USP22",39.5,2
"1940","USP25",17,1
"1941","USP32",62.8,2
"1942","USP43",38,1
"1943","USP53",39,1
"1944","USP7",59.5,3
"1945","USP9X",18,1
"1946","USPL1",37,1
"1947","UTP18",51.6,4
"1948","UTP20",29.5,2
"1949","UTP6",139,1
"1950","UTRN",10,2
"1951","UTS2B",28.5,1
"1952","UVRAG",88.1,7
"1953","VAMP7",24,1
"1954","VANGL1",27.5,1
"1955","VAV3",18,1
"1956","VCL",36.6,4
"1957","VCP",150.5,5
"1958","VDAC2",43,3
"1959","VEZT",38,1
"1960","VGLL3",19.8,9
"1961","VLDLR",14,3
"1962","VMP1",89.4,5
"1963","VOPP1",36.2,3
"1964","VPS41",23,1
"1965","VRK2",10,2
"1966","VSTM2A",10,7
"1967","VTA1",17.5,4
"1968","VTCN1",78.8,2
"1969","VTI1A",29,1
"1970","VWF",15,1
"1971","WASF3",18,1
"1972","WASL",40.5,2
"1973","WDFY2",42.5,1
"1974","WDR12",76.5,1
"1975","WDR3",36,1
"1976","WDR45B",75,2
"1977","WDR62",290.8,2
"1978","WDR7",12.8,2
"1979","WDR70",27,1
"1980","WDR75",92,1
"1981","WFDC2",141,1
"1982","WNT11",15,1
"1983","WNT2",33,1
"1984","WNT7A",17.5,1
"1985","WNT7B",107.5,2
"1986","WSB1",10,2
"1987","WWOX",10,1
"1988","XCL2",101.5,1
"1989","XPOT",50.6,4
"1990","XRCC6BP1",10,1
"1991","XRN2",30,1
"1992","YAF2",40,1
"1993","YBX1",139,2
"1994","YBX3",176.5,3
"1995","YEATS4",21,2
"1996","YIPF6",48,1
"1997","YKT6",108.5,1
"1998","YWHAB",205.8,2
"1999","YWHAQ",40,1
"2000","YWHAZ",48.8,2
"2001","ZAP70",74.5,1
"2002","ZBED1",27.5,1
"2003","ZBED6",133,1
"2004","ZBTB10",60.2,4
"2005","ZBTB14",29,1
"2006","ZBTB2",36,1
"2007","ZBTB32",311.5,1
"2008","ZBTB33",168.5,2
"2009","ZBTB7C",13.7,3
"2010","ZC3H12A",16,1
"2011","ZC3HC1",63.5,1
"2012","ZCCHC9",34,1
"2013","ZCRB1",40,1
"2014","ZDHHC2",28,1
"2015","ZFAND3",12.5,2
"2016","ZFAND5",35,1
"2017","ZFAT",12.3,6
"2018","ZFHX4",12.5,2
"2019","ZFP41",127,1
"2020","ZFP57",276,1
"2021","ZFP64",12.2,3
"2022","ZFPM2",15.8,4
"2023","ZIC3",10,1
"2024","ZKSCAN2",21.5,1
"2025","ZKSCAN3",75.5,1
"2026","ZMAT4",15,13
"2027","ZMAT5",74.5,1
"2028","ZMIZ1",50.6,8
"2029","ZMYND11",28,2
"2030","ZNF131",43.5,2
"2031","ZNF134",302.8,2
"2032","ZNF165",70.5,1
"2033","ZNF202",108,1
"2034","ZNF207",99.4,4
"2035","ZNF208",60,1
"2036","ZNF219",125.5,1
"2037","ZNF22",69.2,2
"2038","ZNF274",349.5,3
"2039","ZNF277",61,1
"2040","ZNF304",255.5,1
"2041","ZNF335",331,1
"2042","ZNF33A",47.5,1
"2043","ZNF350",231.5,2
"2044","ZNF365",23,2
"2045","ZNF37A",10,1
"2046","ZNF385D",10,2
"2047","ZNF418",288,1
"2048","ZNF428",204,1
"2049","ZNF460",324,1
"2050","ZNF479",16,1
"2051","ZNF486",38.5,1
"2052","ZNF492",22.5,1
"2053","ZNF503",18.5,1
"2054","ZNF529",85.5,2
"2055","ZNF536",12.4,9
"2056","ZNF540",68.2,2
"2057","ZNF568",102.4,4
"2058","ZNF569",165,1
"2059","ZNF577",214.2,2
"2060","ZNF579",139.5,1
"2061","ZNF580",273,4
"2062","ZNF582",76.5,1
"2063","ZNF587",368.5,3
"2064","ZNF606",464.5,1
"2065","ZNF622",37,1
"2066","ZNF628",299.5,1
"2067","ZNF641",42,2
"2068","ZNF649",160,1
"2069","ZNF667",75,1
"2070","ZNF674",19.2,2
"2071","ZNF703",63.9,14
"2072","ZNF705B",100.5,1
"2073","ZNF714",24,1
"2074","ZNF716",11.8,3
"2075","ZNF717",15.5,1
"2076","ZNF727",10,1
"2077","ZNF736",35.5,1
"2078","ZNF793",59,1
"2079","ZNF804B",10,1
"2080","ZNF814",329,1
"2081","ZNF83",255,1
"2082","ZNF831",15.5,1
"2083","ZNF91",40.5,3
"2084","ZPBP",22,1
"2085","ZSCAN12",70.5,1
"2086","ZSCAN18",450,1
"2087","ZSWIM7",69,1
"2088","ZWINT",24,1
"2089","ZZZ3",61.5,1
